node,mean_dscore
2424,0.003760892455012635
2425,0.004668404565827059
2426,0.009209674606393672
2427,0.0038862209972070775
2428,0.006405996849832476
2429,0.006508391568366437
2430,0.0066514199812760764
2431,0.00617229638332919
2432,0.006632720038888228
2433,0.005456069588567613
2434,0.006343913904615565
2435,0.0036029599042147926
2436,0.0013034042394336927
2437,0.001465637710297318
2438,0.0019949042580038193
2439,0.0006117208567594114
2440,3.466617215328328e-05
2441,0.0005460789738115044
2442,0.0009365758321577151
2443,0.004205753189056348
2444,0.005022221697798941
2445,0.004785364814848024
2446,0.004912926097967806
2447,0.0036059234870547572
2448,0.005193178624290511
2449,0.005162704239534023
2450,0.005442621078661289
2451,0.005105838080921575
2452,0.005115814144166479
2453,0.0051188508346798915
2454,0.006139891134671998
2455,0.00513395536659745
2456,0.007727222806957114
2457,0.007972537886533987
2458,0.008682193914080741
2459,0.008661369566331237
2460,0.008637750059113597
2461,0.008290780011414527
2462,0.008629731214410272
2463,0.008527277046424496
2464,0.008512376845658705
2465,0.00816055418388119
2466,0.00851938869414193
2467,0.00853046094633747
2468,0.008445927017705898
2469,0.010538157841912178
2470,0.008513021845364002
2471,0.008568931476198688
2472,0.008584179479630779
2473,0.008541317067353811
2474,0.00513087649665128
2475,0.005154152340159229
2476,0.00311759831450205
2477,0.0040469027547479445
2478,0.005308246668103807
2479,0.005121629595634724
2480,0.005511987882245587
2481,0.005512597594834828
2482,0.004488897877914344
2483,0.006016615867967392
2484,0.004942482719763749
2485,0.005611391318537771
2486,0.00506596473585044
2487,0.0057727273836172
2488,0.005466476164255027
2489,0.007000127453193317
2490,0.00693881675346754
2491,0.005746545072219031
2492,0.0012147512697272126
2493,0.0012282750785340716
2494,0.0009379717000686203
2495,0.006514060804024675
2496,0.007049142821065494
2497,0.007357311879442537
2498,0.007320557123497407
2499,0.007080519362513728
2500,0.006809017526847503
2501,0.0055205052296348365
2502,0.007376737312275638
2503,0.007194753602102794
2504,0.007294998529174448
2505,0.00716239093664387
2506,0.0076169036855767355
2507,0.007455299612071537
2508,0.007377024215165177
2509,0.007334476012106608
2510,0.007366556717865867
2511,0.007346446437003516
2512,0.007364738710189884
2513,0.0035578992901726457
2514,0.0064220711427827185
2515,-0.0037435183318124364
2516,0.00048566167710939305
2517,0.0016682341723469746
2518,-0.009410233049065192
2519,-0.007782966027101634
2520,-0.006516124597499977
2521,0.0008269021652370199
2522,0.00021383372153394435
2523,0.0010644548788889844
2524,-0.0034672518957050693
2525,-0.006403652319291328
2526,-0.004275914270063027
2527,0.0014307706248744992
2528,-0.005013279569100033
2529,-0.005252992290778152
2530,-0.009407235130051516
2531,-0.00977519938669982
2532,-0.00546332145513049
2533,-0.005443743797047141
2534,-0.005376843829609378
2535,-0.011674548333513167
2536,-0.014332834519585324
2537,-0.009926343676112587
2538,-0.007906734186651295
2539,-0.003784438423471394
2540,-0.003532832860106018
2541,-0.002593470130075951
2542,0.0020804600326036165
2543,0.0030475539029524283
2544,0.004743193846596423
2545,0.007681802146936748
2546,0.006489093249695602
2547,0.0061381618551240545
2548,0.009854007968649403
2549,0.00532572095491779
2550,0.005238564421010802
2551,0.007403538266177749
2552,-0.0032496802091652064
2553,-0.004927763138737116
2554,-0.006369894966982599
2555,-0.008911853836018294
2556,-0.007007904894775669
2557,0.013446691237826115
2558,0.013674487995664493
2559,0.013414264792189132
2560,-0.011371033478638205
2561,-0.005682329482443002
2562,0.00853011269366806
2563,0.005988709730298312
2564,0.006439321958051601
2565,0.006101613300080334
2566,0.004867179274181724
2567,0.009093212311325835
2568,0.004691384242137911
2569,0.0070067194988469
2570,0.007173981421212758
2571,0.006095737891347378
2572,0.0036580275097044014
2573,0.002793873108718207
2574,0.0042154084654354215
2575,0.004401870592267341
2576,0.003610389144449281
2577,0.005203061644369622
2578,0.006565476593481258
2579,0.006389343952685674
2580,0.005948314115493536
2581,0.006149058580283088
2582,0.007284122411265565
2583,0.004742478310519317
2584,0.005030419830371396
2585,0.004834479685239237
2586,0.005119099864344194
2587,0.006225367232883266
2588,0.004759720844325871
2589,0.009543821787726154
2590,0.001393440992192685
2591,0.005192184748101216
2592,0.000887064247073843
2593,0.001328541174617381
2594,0.0009665475609142976
2595,0.0015739645354707393
2596,0.0010902915995466506
2597,0.0009226890999653491
2598,0.0014817236875027655
2599,0.002739321574117251
2600,0.0040963353569709446
2601,-0.0015086376498101278
2602,0.0016776138390357715
2603,0.001602209995583689
2604,0.0015161607179529418
2605,0.0015854943617516165
2606,0.0023866368785077953
2607,0.0023507108532780717
2608,0.0015547078033932718
2609,0.0022250900171661065
2610,0.0018907977028169269
2611,0.002518932701871601
2612,0.002152500304397712
2613,0.0036251137285344287
2614,0.0033648832271267613
2615,0.002329980410641496
2616,0.0042206053852399655
2617,0.0072725666363635325
2618,0.007732762755681112
2619,0.004783209013652162
2620,0.004579621883557927
2621,0.005073299931011036
2622,0.00432820142855536
2623,0.002460512488237135
2624,-0.0014513770505241164
2625,0.0007641372220770803
2626,0.003581813297298316
2627,0.006160589262035221
2628,0.00679873006421255
2629,0.007477074560108988
2630,0.006713862666622637
2631,0.01079743121898408
2632,0.007203852735981497
2633,0.0070608635435447445
2634,0.0040998658896940635
2635,0.0036564225677407423
2636,0.002614574756525261
2637,0.005023700174437338
2638,0.00516987094780099
2639,0.005477218765562723
2640,0.005527688699893528
2641,0.006251965437077604
2642,0.005755196021678697
2643,-0.004934275011155283
2644,-0.003671791632928564
2645,-3.533790797254848e-05
2646,-0.00021676072542943688
2647,0.0071903866389592674
2648,0.006097297394375197
2649,0.003696379610467583
2650,0.0028911380324759947
2651,0.008463476152660802
2652,0.0072060881802362715
2653,0.006276031049134421
2654,0.004717202468387675
2655,0.006217688879508113
2656,0.008936576505096853
2657,0.007999967083670638
2658,0.009429766256353826
2659,0.010153609641877061
2660,0.009738694451705358
2661,0.010872207301297721
2662,0.012045447477887402
2663,0.011909722719009138
2664,0.01181173246154291
2665,0.007986222821480803
2666,0.009394347049702746
2667,0.013061024234338836
2668,0.0072668805406834475
2669,0.005331040326823087
2670,0.0067344257807201635
2671,0.009169578591831692
2672,0.01175553905110275
2673,0.00975024758995959
2674,0.009243887263488782
2675,0.00867769008592552
2676,0.007400313863948594
2677,0.006033978310565615
2678,0.005232579134734677
2679,0.005452813741151681
2680,0.006160972121093059
2681,0.004203459896756896
2682,0.004862941175345523
2683,0.0013938160787802896
2684,0.005887649905376464
2685,0.005767759361943357
2686,0.003129564386350948
2687,0.006060114576119095
2688,0.006524086928826439
2689,0.007454525237235118
2690,0.0068219556183599095
2691,0.008570574582507597
2692,0.0065076536996454505
2693,0.008054866732069274
2694,0.006059029200882737
2695,0.0076264056197749425
2696,0.009141557678420923
2697,0.007955948095326659
2698,0.006078398920828326
2699,0.0053439516003929806
2700,0.004435558005074331
2701,0.0032599736753773268
2702,0.004241077963795922
2703,0.004514078579277293
2704,0.0035305367213989943
2705,0.0032551828166550324
2706,0.004205755640051931
2707,0.01032680028411584
2708,0.002615132832802691
2709,0.0021549470492225344
2710,0.003401390550889469
2711,0.0020830767704529897
2712,-0.0024849120266411968
2713,0.00016475115827398036
2714,-0.0018036866628625854
2715,0.004849317499836033
2716,0.0012930386551212542
2717,-2.389800513288037e-05
2718,0.014414247369855093
2719,0.014292118169722862
2720,0.004966530473179991
2721,0.004497170809498601
2722,0.009321087969012156
2723,0.003925545699377267
2724,0.0021115092304301634
2725,0.0031552811582940187
2726,-0.00020263617269360024
2727,0.0007500339942697805
2728,-0.000590050846990187
2729,0.007754089049334072
2730,0.007941541100510914
2731,0.0026568676424768263
2732,-0.0014222468164974866
2733,-0.0011759734690670813
2734,0.007861166063498166
2735,0.00659752534959537
2736,0.006426129433500334
2737,0.0041369372842005305
2738,0.007311167466149175
2739,0.008108124548995184
2740,0.00787977392373517
2741,0.008108420847487651
2742,0.01014731322450832
2743,0.013850307275269898
2744,0.007645127790277745
2745,0.007160217664041396
2746,0.012875454871095895
2747,0.01312603698449561
2748,0.005146134733162478
2749,0.004480872524149004
2750,0.0019903858311126977
2751,0.003280279160340165
2752,0.007992012275086894
2753,0.0039037816207681685
2754,0.0033448533999473245
2755,0.003357737824076796
2756,0.002292727261323243
2757,0.0012798248845582022
2758,0.005475797815906809
2759,0.0034833320546482863
2760,0.0037628260821047166
2761,0.0014283963744617552
2762,0.0013073774168123435
2763,0.001942444713303293
2764,-0.0030693295043270007
2765,0.0016568066484149689
2766,0.011729870658060493
2767,0.002087102048988143
2768,0.003626165395730036
2769,0.004339128895617385
2770,0.005070447139181022
2771,0.0041379788190397445
2772,0.0037424861139415937
2773,0.007862347754854003
2774,0.007956496466943012
2775,0.010484188032575083
2776,0.012665872122665952
2777,0.015491275014075233
2778,0.012718040766151913
2779,0.01262552282834158
2780,0.012213400870790137
2781,0.011378710134328581
2782,0.007489141706727809
2783,0.011722276776298265
2784,0.012078367618988563
2785,0.008756313551639151
2786,0.009066980531188717
2787,0.00766813078955062
2788,0.01077925321929126
2789,0.011950347090957394
2790,0.009793967040372524
2791,0.015482662101905253
2792,0.018868419831522005
2793,0.0067509042205873325
2794,0.011673748298408823
2795,-0.0015272636320259618
2796,0.012240486110430425
2797,-0.007925164887981903
2798,-0.006860176476579809
2799,-0.008634404625476778
2800,-0.006727088214351659
2801,-0.010244007856479387
2802,-0.01273127643267092
2803,-0.009349757762901926
2804,-0.041339159494081866
2805,0.02699970149936076
2806,0.0285184183784252
2807,0.04547605056840326
2808,0.04497205504505736
2809,0.04522606628606942
2810,0.047645889697641275
2811,0.05037204956446729
2812,0.04600412793554755
2813,0.04820139722287649
2814,0.05032741823876612
2815,0.04212439984165641
2816,0.0466900476521272
2817,0.046112609413390224
2818,0.0430866056982072
2819,0.03824317803605638
2820,0.04678758438508426
2821,0.04804340630253086
2822,0.04794565923172852
2823,0.048608954650080624
2824,0.05026335271754607
2825,0.055950651919106066
2826,0.051617747735442296
2827,0.05138605027143789
2828,0.05359966958268798
2829,0.04770580116516057
2830,0.048358326984814064
2831,0.04865195691094356
2832,0.04574261483408463
2833,0.048011512723072
2834,0.046146287295139615
2835,0.05081082413537293
2836,0.05101148786511669
2837,0.05107306057608791
2838,0.046798289745319
2839,0.04971409156465969
2840,0.04974766051478486
2841,0.04785109251109176
2842,0.04822703868695076
2843,0.04659573888984424
2844,0.046369548592907685
2845,0.04973207294940548
2846,0.049721291175963404
2847,0.047540510478127226
2848,0.04967050856984194
2849,0.04902840356696739
2850,0.04813035985671369
2851,0.04410249131125193
2852,0.0469368896884483
2853,0.04856679474456241
2854,0.04858312898582778
2855,0.046002814861266186
2856,0.04206811852281165
2857,0.04540242529000401
2858,0.04250685801974941
2859,0.046745919108443085
2860,0.0480225375477158
2861,0.04681525161059485
2862,0.047037208650365855
2863,0.04870070159859323
2864,0.04494000574725966
2865,0.04514923936873151
2866,0.04747064464469024
2867,0.043732278338086614
2868,0.04975639980341772
2869,0.04677075867226533
2870,0.046631908292967934
2871,0.04710868694185215
2872,0.046300766668377395
2873,0.04377704541662691
2874,0.04467443556413124
2875,0.04385888576013446
2876,0.046952705945372354
2877,0.04833118085321491
2878,0.053067555774935535
2879,0.053103868729650276
2880,0.05264021879574018
2881,0.046482341994179555
2882,0.04857777528026173
2883,0.04179078443122122
2884,0.04713761048138288
2885,0.04723152978650085
2886,0.045493893418778304
2887,0.047520118906222326
2888,0.04765723071994721
2889,0.04870958118804749
2890,0.04885482462307855
2891,0.0495124937005785
2892,0.04402417081789656
2893,0.04754789675562588
2894,0.04822329016618507
2895,0.043209840145175864
2896,0.040439167546590146
2897,0.041704857921479786
2898,0.036666110970586016
2899,0.03307639426664051
2900,0.03657519524764017
2901,0.03901361360165129
2902,0.03906812046584615
2903,0.0397127206196321
2904,0.039473901679115915
2905,0.04709268791358058
2906,0.044220170481026146
2907,0.04646237356498717
2908,0.046518719578169776
2909,0.047661662710802015
2910,0.048954733505606744
2911,0.046950747052869515
2912,0.04616020202679512
2913,0.044144088825978395
2914,0.04223823733328078
2915,0.038458912082871305
2916,0.040014805332506675
2917,0.04818163991661082
2918,0.04635028323234071
2919,0.0452328541149136
2920,0.03146263455498638
2921,0.03579060611691871
2922,0.04786926177139503
2923,0.041310345805006345
2924,0.041611377050530036
2925,0.04112056304797012
2926,0.04304812878640606
2927,0.04929003659842029
2928,0.05119148172769692
2929,0.0470373159674855
2930,0.05401858407181301
2931,0.05569723757462443
2932,0.058020262796413626
2933,0.05696986866047632
2934,0.05484009400267911
2935,0.05214307343725485
2936,0.05246881325392155
2937,0.05267119230804477
2938,0.047245483207112034
2939,0.044511387223996855
2940,0.05424733795618182
2941,0.053959174618609385
2942,0.05483816352755328
2943,0.05185887583130856
2944,0.05260249316549768
2945,0.05094267670358318
2946,0.05689621785873519
2947,0.054296131516021105
2948,0.05446921222050256
2949,0.05548588374998724
2950,0.055446230162869946
2951,0.05522220884901954
2952,0.05486348043569836
2953,0.05586122278159129
2954,0.05595541837450981
2955,0.05009701968940894
2956,0.05485153790319209
2957,0.05587500601080183
2958,0.05403192865421602
2959,0.05164825488108808
2960,0.04822893600375676
2961,0.048644238417904544
2962,0.044572259465579744
2963,0.051726967693589636
2964,0.049274886188453985
2965,0.04790297345154811
2966,0.05243001757892468
2967,0.048168785008085385
2968,0.052912563296775926
2969,0.05304583387205239
2970,0.05497680200175156
2971,0.05669409514480012
2972,0.054649172318923384
2973,0.05224912367724149
2974,0.05326509141958081
2975,0.0550300648372785
2976,0.055051933089034166
2977,0.055207260705871834
2978,0.054515034027930113
2979,0.05391632520369146
2980,0.055810618817486404
2981,0.053614017181050765
2982,0.05317924832756708
2983,0.047257833430832924
2984,0.05334406844041467
2985,0.053861110977886116
2986,0.0523158209938144
2987,0.05086201062986416
2988,0.048350398831806946
2989,0.055474957257869835
2990,0.05426671376742267
2991,0.053648045422029056
2992,0.05030614192157103
2993,0.05412422363295182
2994,0.053482118815618124
2995,0.05058831750752452
2996,0.05009394535632562
2997,0.05304222012165294
2998,0.055276413461093715
2999,0.05223130350082598
3000,0.0511306491952647
3001,0.048146191877311
3002,0.047792338518566464
3003,0.04758039518564719
3004,0.04331680234487487
3005,0.04233694959557315
3006,0.04823300205499103
3007,0.05277180497248491
3008,0.051412171211590564
3009,0.051950946473434706
3010,0.05286757848795847
3011,0.052571190663069846
3012,0.05587564679375698
3013,0.05408938330830704
3014,0.052126781719481145
3015,0.05100379055599307
3016,0.052788485390152746
3017,0.0519875891255767
3018,0.04912133640475046
3019,0.047098665432545
3020,0.04834235137234971
3021,0.04389475453536348
3022,0.04764006120126974
3023,0.04682346171136351
3024,0.048937304740580244
3025,0.044525491342063864
3026,0.045329484781127874
3027,0.04540789437753443
3028,0.038261881673600825
3029,0.03791700787292369
3030,0.04250052051146552
3031,0.0429135380200974
3032,0.043880958978446634
3033,0.04368550348591495
3034,0.0401068193618479
3035,0.040005845260727355
3036,0.050430297449360256
3037,0.047996406717343
3038,0.04855903770983126
3039,0.04520397079892707
3040,0.04431819581269553
3041,0.04454554900646278
3042,0.04311904236001346
3043,0.044070855661775196
3044,0.050803684019689606
3045,0.04592816461506502
3046,0.04762050863386604
3047,0.048023247590440625
3048,0.043665892392994815
3049,0.037333753993428816
3050,0.03380693696174029
3051,0.04671575428425196
3052,0.044188468628185665
3053,0.04390737665381969
3054,0.041133269567420284
3055,0.036856591103198624
3056,0.05071990252273266
3057,0.04685719540678002
3058,0.04330383973419456
3059,0.04327088472595104
3060,0.042442551490997175
3061,0.04050588809494798
3062,0.03086666288223963
3063,0.04080077370916422
3064,0.036783920682627445
3065,0.036314661458938996
3066,0.03931083351066629
3067,0.042980671297661144
3068,0.04335017420540216
3069,0.041009918722924706
3070,0.04089536236618981
3071,0.04071697187751271
3072,0.03910374940325864
3073,0.03955155671004675
3074,0.039610438170461296
3075,0.04103046209171827
3076,0.041443744314777764
3077,0.04628790939256456
3078,0.04475930364037197
3079,0.04627447003448123
3080,0.027557693440544817
3081,0.0363290993977595
3082,0.03429172998923588
3083,0.03015303768908023
3084,0.031508182382150265
3085,0.032952452226550445
3086,0.03401594854795261
3087,0.03475630665038825
3088,0.03311327500001536
3089,0.033836482726708424
3090,0.034925175060101836
3091,0.0314729573146366
3092,0.03271239705141855
3093,0.03313890526252913
3094,0.033257491914228325
3095,0.03041671796117022
3096,0.03642191019219849
3097,0.036501931441475566
3098,0.03339201882521589
3099,0.033585191711685856
3100,0.03519318137784515
3101,0.03305728109972293
3102,0.03295547596250533
3103,0.033058170969798226
3104,0.03217094574089371
3105,0.029210410731775882
3106,-0.026935296061613566
3107,0.03036268422156712
3108,0.02673358998989456
3109,0.028848237887716312
3110,0.028868891403134648
3111,0.03302059170179888
3112,0.03293320549692345
3113,0.032930038921126135
3114,0.03296569146975343
3115,0.032823414047444974
3116,0.03296569146975343
3117,0.03268491471402837
3118,0.03406346404793509
3119,0.03337456815058453
3120,0.03406681428113258
3121,0.03064039619183629
3122,0.033352898715942714
3123,0.03322074867505473
3124,0.033700736120391254
3125,0.03350783702322929
3126,0.031067786628771042
3127,0.03507110323512429
3128,0.03304027739738082
3129,0.03288464976050207
3130,0.03296051877932709
3131,0.032909625627471815
3132,0.03287473830778847
3133,0.03553156935481379
3134,0.03343370719432099
3135,0.03283091584258651
3136,0.03273224890749062
3137,0.03337864917838717
3138,0.033254274362776726
3139,0.03284582779610491
3140,0.032811903946622104
3141,0.0331707337016726
3142,0.03361545766992326
3143,0.03366296276491719
3144,0.03371220486669466
3145,0.032087523117215175
3146,0.030795652050415494
3147,0.030823625656822562
3148,0.03374910625549622
3149,0.0333681657731393
3150,0.03388710117602876
3151,0.03153621167543823
3152,0.031559397368788225
3153,0.03164927090863987
3154,0.031492283361818536
3155,0.031210633818488452
3156,0.033000236365611266
3157,0.03077016221477442
3158,0.031060325470810935
3159,0.03162881357357357
3160,-0.03120104761244427
3161,0.031504544011068794
3162,0.03150343984914545
3163,0.041484152733043414
3164,0.032657509328772365
3165,0.03196735799548527
3166,0.03196735799548527
3167,0.033578892546672345
3168,0.03373795156310078
3169,0.032903718236119
3170,0.03310685667494017
3171,0.0340937687374415
3172,0.03495740677238917
3173,0.0326026426479681
3174,0.03313902765253609
3175,0.033143233408768895
3176,0.032249990303955554
3177,0.042135042237826555
3178,0.03597738980511599
3179,0.038033041602011014
3180,0.0387489019248949
3181,0.036654495281637896
3182,0.0346385020876215
3183,0.044638456337707834
3184,0.04300495873154008
3185,0.04174619005590272
3186,0.03179495375642022
3187,0.029105790950368606
3188,0.029730794025822044
3189,-0.040782653162714115
3190,-0.04445669391886622
3191,-0.03673800046138181
3192,-0.03407103148855382
3193,-0.03096604718831124
3194,-0.04104642485986445
3195,-0.03762306844565097
3196,-0.04449529418538581
3197,-0.028212990471364795
3198,-0.02609284297788915
3199,-0.031333919646009
3200,-0.02862231244424064
3201,-0.021929447701016902
3202,-0.017542852833921888
3203,-0.01265865538778012
3204,-0.01256618410919822
3205,-0.008195373377317003
3206,-0.0020181614063956247
3207,-0.001771572020791052
3208,-0.004203783869546406
3209,-0.005211059656950362
3210,-0.006992984759852072
3211,-0.02189298974231877
3212,-0.02363433436433174
3213,-0.029037478244970893
3214,-0.033085811697844254
3215,-0.02957814568602383
3216,-0.02576134914430637
3217,-0.02476113356128909
3218,-0.02322147591341847
3219,-0.024048234778276473
3220,-0.025538472775215093
3221,-0.026946935073090872
3222,-0.030173294402890287
3223,-0.026139486285320594
3224,-0.023312670922716824
3225,-0.021481999906347162
3226,-0.021696679190314393
3227,-0.022210177627031893
3228,-0.019956393193186622
3229,-0.019938289377189892
3230,-0.020627402205425704
3231,-0.02096781902110041
3232,-0.019511115471422508
3233,-0.017637170146063096
3234,-0.01221438483383217
3235,-0.006579069781100245
3236,-0.0037951411195617326
3237,-0.015368077641561033
3238,-0.012639440595915508
3239,-0.011122037577853487
3240,-0.0110714204171619
3241,-0.01384100074482646
3242,-0.01378578597025906
3243,-0.01334049611032652
3244,-0.01365953567993105
3245,-0.014443811788807805
3246,-0.01937973941031663
3247,-0.02017438592699493
3248,-0.024824046239170422
3249,-0.02222587799140657
3250,-0.02483554326029804
3251,-0.01937849013249502
3252,-0.01804814395590206
3253,-0.02071514198035393
3254,-0.017891545157258455
3255,-0.0204689842716513
3256,-0.026655925415055945
3257,-0.02418288863454382
3258,-0.027749489546813593
3259,-0.014327925203319065
3260,-0.012969541872751766
3261,-0.014955569764685216
3262,-0.015551327786669112
3263,-0.019077081381628905
3264,-0.021252556772746765
3265,-0.021782421489565412
3266,-0.015147129533716568
3267,-0.014008785134457932
3268,-0.024426882120512954
3269,-0.02261280120114813
3270,-0.015198152977243732
3271,-0.016999027714032448
3272,-0.021577681072945464
3273,-0.021140842534795097
3274,-0.025191071210252686
3275,-0.033590713248882464
3276,-0.015678238410886607
3277,-0.015326942067448147
3278,-0.01848169324866308
3279,-0.025552538420691464
3280,-0.016232737650019393
3281,-0.02845477040274111
3282,-0.027310913426904348
3283,-0.029093068649782446
3284,-0.024353809377516987
3285,-0.029053108847488796
3286,-0.025359426705731495
3287,-0.02311439122975637
3288,-0.018077102072733813
3289,-0.006846193975587285
3290,-0.005205426384569565
3291,-0.003209467702963687
3292,-0.006260919747074454
3293,-0.007370349452967123
3294,-0.0020006903050473843
3295,-0.02435904619576112
3296,-0.022235379962328387
3297,-0.021171104027057203
3298,-0.017726137697925828
3299,-0.01985279638944351
3300,-0.020258698640760214
3301,-0.020693805031345124
3302,-0.018170548486452606
3303,-0.016485848874922868
3304,-0.015847882963538198
3305,-0.015669150749283777
3306,-0.016405807868998975
3307,-0.016777893139702578
3308,-0.018234113088748994
3309,-0.02045752524352422
3310,-0.020435666765716128
3311,-0.017237989407072128
3312,-0.01798468720161704
3313,-0.01898092416193389
3314,-0.0168640624215277
3315,-0.02149680297725989
3316,-0.017519255209041355
3317,-0.02005088392293185
3318,-0.022759207438418597
3319,-0.02353087358314142
3320,-0.023344909436256576
3321,-0.019655419465008442
3322,-0.022529575443741012
3323,-0.020516408135698386
3324,-0.023344457165855623
3325,-0.023207823259075555
3326,-0.025012329090153978
3327,-0.01913555930496953
3328,-0.020363955606676216
3329,-0.01990999838536131
3330,-0.016413963452672594
3331,-0.014307463213870879
3332,-0.04083328586352027
3333,-0.021091442939807203
3334,-0.006072749804530672
3335,-0.002911042687691549
3336,-0.006867200395408168
3337,-0.010334353098773721
3338,-0.009179674657786628
3339,-0.00208878766453775
3340,-0.003333718870981651
3341,-0.003064420101097506
3342,0.0035771418874224175
3343,-0.026311647929882657
3344,-0.01839152010948118
3345,-0.023795464560089078
3346,-0.02658066625593106
3347,-0.02282269695516151
3348,-0.019647897007588767
3349,-0.01651966911096451
3350,-0.02849377068811549
3351,-0.019598196501456448
3352,-0.008107422852072565
3353,-0.010455875646094898
3354,-0.0283520999391533
3355,-0.02748144739441727
3356,-0.025996576382229297
3357,-0.021871137853803013
3358,-0.02180975990112942
3359,-0.015942893178196277
3360,-0.01649880368465031
3361,-0.010832901683543063
3362,-0.0003654049042695755
3363,-0.0194088519712668
3364,-0.016887350606734016
3365,-0.021533772973709037
3366,-0.03119834309353658
3367,-0.031681940258993374
3368,-0.0216742810567048
3369,-0.02685842417981707
3370,-0.02286802701267193
3371,-0.02406123400733218
3372,-0.02888746257550281
3373,-0.047021647233846754
3374,-0.0354482161529012
3375,-0.034110272626566504
3376,-0.03095861254217507
3377,-0.031467610312401306
3378,-0.032236983474620104
3379,-0.03611960121050778
3380,-0.03827150354392847
3381,-0.022923944190182097
3382,-0.02271470194749102
3383,-0.035595660632607745
3384,-0.034146683715601596
3385,-0.03356350439997145
3386,-0.03168815848831713
3387,-0.02712070049784996
3388,-0.029479074254456276
3389,-0.028965950242341908
3390,-0.027181238421671326
3391,-0.02524055641973265
3392,-0.0406553984899873
3393,-0.03282421199369694
3394,-0.02782851322318616
3395,-0.02793232991749982
3396,-0.02682716962608864
3397,-0.02472744856924247
3398,-0.026511865722572747
3399,-0.025491975472952948
3400,-0.026524203505463705
3401,-0.027118947334175192
3402,-0.029233076855478008
3403,-0.02836617838027325
3404,-0.02640402792075087
3405,-0.02350923014228796
3406,-0.022777140744407114
3407,-0.032820408150555425
3408,-0.03011435307350986
3409,-0.03113200127933379
3410,-0.02535666442594242
3411,-0.027040228270229387
3412,-0.024590739448104488
3413,-0.021045482350182724
3414,-0.016013381632891312
3415,-0.028805316448267497
3416,-0.030543124460632037
3417,-0.024948801955279275
3418,-0.030518808783998624
3419,-0.029361979540791814
3420,-0.027713975277064776
3421,-0.02070341859425434
3422,-0.01933518123719557
3423,-0.030672729279992268
3424,-0.03607887746867774
3425,-0.03545913892871126
3426,-0.030705726946164726
3427,-0.01888209340429458
3428,-0.015174763128636729
3429,-0.014176358688858685
3430,-0.016046908365702883
3431,-0.014418116889097233
3432,-0.0114786360798652
3433,-0.022408400899509268
3434,-0.025160008183566722
3435,-0.014212845775850795
3436,-0.02384407977028611
3437,-0.011645763893707334
3438,-0.01708032926505996
3439,-0.00268992744234748
3440,-0.00011927026024383356
3441,-0.010217248833963346
3442,-0.005619242166592585
3443,-0.003541769602383983
3444,-0.0037746624100060897
3445,-0.004145536672295115
3446,-0.0052898984129325
3447,-0.005077216488020822
3448,-0.006577763929792406
3449,-0.00874476674299775
3450,-0.014164083866535462
3451,-0.015070380918576324
3452,-0.016393832739112192
3453,-0.019957623420853478
3454,-0.017227563009738916
3455,-0.0160521567012559
3456,-0.017796093702054164
3457,-0.024117549284624465
3458,-0.021676971887676224
3459,-0.022993707885715857
3460,-0.013003861866817835
3461,-0.012208477295893048
3462,-0.013333035642343226
3463,-0.01640749780710102
3464,-0.018782101710265113
3465,-0.021149850589022582
3466,-0.011977644866151537
3467,-0.009118907246606233
3468,-0.012700868524620807
3469,-0.012354322941742046
3470,-0.01206069029843491
3471,-0.00659641039202994
3472,-0.005675781414022258
3473,-0.0065915749221335225
3474,-0.006801249022737625
3475,-0.014648971762696432
3476,-0.006272504177748898
3477,-0.013607845307829396
3478,-0.012860639567686216
3479,-0.012863036818537366
3480,-0.003985578030703369
3481,-0.010729662703709736
3482,-0.02480278797860196
3483,-0.010826895916596744
3484,0.0005098953328513247
3485,-0.006144567776772026
3486,-0.010673028314044425
3487,-0.008202489746620079
3488,-0.012600655634626793
3489,-0.013042983896246528
3490,-0.010376473921249515
3491,-0.028799913327159057
3492,-0.0032162106689731223
3493,-0.002484331568829354
3494,-0.0014394101189827415
3495,-0.005206670349084882
3496,-0.007405413383481613
3497,-6.0300314069608904e-05
3498,0.0006999117188937809
3499,0.0008678360948324852
3500,-0.0066774605255351515
3501,-0.008690204444229558
3502,-0.017232314641882
3503,-0.012906856682857147
3504,-0.019782812370112177
3505,-0.0053238303652044785
3506,-0.012468576949134494
3507,-0.012087970214684994
3508,-0.0035459208192685707
3509,-0.004916001871016099
3510,-0.006964092667599635
3511,-0.004882958566148572
3512,-0.008925580456912616
3513,0.00034830927022544065
3514,-0.003598405834103566
3515,-0.00704633795409497
3516,0.0008468723251354397
3517,-0.00029264675451942115
3518,-0.0061215692882133485
3519,0.0003593757411671105
3520,-0.004394210557178487
3521,-0.02238045877873297
3522,-0.023228301638254983
3523,-0.02119971912000229
3524,-0.020870914011664944
3525,-0.018279490759201118
3526,-0.018553117043116917
3527,-0.021248269656429893
3528,-0.01844514210029937
3529,-0.011874880882167845
3530,-0.021990453251966236
3531,-0.02603544011070826
3532,-0.02002197671767285
3533,-0.025553800388572412
3534,-0.023385337938893497
3535,-0.021525231677822082
3536,-0.01886914752146127
3537,-0.020312631149041
3538,-0.010934837852244996
3539,-0.018141463083573534
3540,-0.01588652680283724
3541,-0.01722949215057648
3542,-0.012292375267999428
3543,-0.012271161022496119
3544,-0.011403638877087183
3545,-0.008999025350638712
3546,-0.011081231345696317
3547,-0.017573435496294063
3548,-0.02221712360193079
3549,-0.020687566701850558
3550,-0.017775862763710047
3551,-0.016180816562712242
3552,-0.021973534641205036
3553,-0.020013632694053336
3554,-0.020092143396636085
3555,-0.01887570780406933
3556,-0.02017114921524527
3557,-0.02062721786986269
3558,-0.01828684661210254
3559,-0.01878432865243021
3560,-0.023748294450876995
3561,-0.02093157358736008
3562,-0.020030654285126983
3563,-0.019404153218917176
3564,-0.009890545695863827
3565,-0.013250505726992105
3566,-0.007852600000065279
3567,-0.011374125099497496
3568,-0.0007562986888714394
3569,0.004248920502906875
3570,0.007343425804193269
3571,0.011328306411476401
3572,0.0026279907787664764
3573,0.006280728458825905
3574,0.008316015710839801
3575,0.0007970548720447876
3576,0.0021414210209447044
3577,-0.001484013518633456
3578,-0.00631761457267001
3579,-0.008503629973317115
3580,0.0016817866452595433
3581,-0.0021233206651469967
3582,-0.0016669711906531215
3583,-0.0021634855367451697
3584,-0.003769718490941214
3585,5.7484595566633764e-05
3586,-0.005431366919278732
3587,-0.005594797509151639
3588,-0.005223400232643347
3589,-0.0052742172575958035
3590,-0.005236222208443399
3591,-0.004522279557569073
3592,0.0008697846786142225
3593,-0.0015165595041971584
3594,0.0005502206340997439
3595,0.0009575458710367191
3596,0.0007540190194140301
3597,0.0004950861339630752
3598,0.0011448393005392336
3599,-0.0014631917680209359
3600,-0.0018126843543349927
3601,0.0018425485484737745
3602,-0.003361810263445155
3603,-0.004818791152745824
3604,-0.0053437019035296905
3605,-0.005706515904982872
3606,-0.005037568947471117
3607,-0.005791654236586072
3608,-0.008047968392621329
3609,-0.0024726372528893954
3610,-0.003967603495841262
3611,-0.003334193453034468
3612,-0.007291511779164812
3613,9.215536904109831e-05
3614,-0.0033068180094793544
3615,-0.011967591983630949
3616,-0.008770529979619576
3617,-0.007513011535731981
3618,-0.009504049695912366
3619,-0.007736046473844592
3620,-0.0037244299491245316
3621,-0.0012195776990529532
3622,0.0006655402468438742
3623,-0.0007275754623659036
3624,-0.001525277168632442
3625,-0.009494424373369816
3626,-0.009934940441992095
3627,-0.008935222996193183
3628,-0.009267037693331034
3629,-0.007123600182929314
3630,-0.007095859615493626
3631,-0.009963970429793259
3632,-0.011850098882521655
3633,-0.007472800730122035
3634,-0.01210579261874983
3635,-0.012685879410981605
3636,-0.012892161826546482
3637,-0.016891154847727675
3638,-0.013701931310039309
3639,-0.012938348758740259
3640,-0.012702505222140711
3641,-0.012767627075090543
3642,-0.015904165071147346
3643,-0.012843524319496154
3644,-0.013034652412691954
3645,-0.013216377692867478
3646,-0.013625518758331437
3647,-0.012125897127724576
3648,-0.010061899235124015
3649,-0.01315081012240666
3650,-0.009821144850938946
3651,-0.007510900213114123
3652,-0.007894173875316024
3653,-0.018584343754582955
3654,-0.013390826678730153
3655,-0.013335100057019664
3656,-0.01315200321774456
3657,-0.014852166969652551
3658,-0.01754806769047489
3659,-0.011180069830671902
3660,-0.01787238000605105
3661,-0.01865346422769673
3662,-0.00942734603946541
3663,-0.009153631747249862
3664,-0.00557442224796347
3665,-0.00360882430980816
3666,-0.0030112957865757596
3667,-0.0051361971260831885
3668,-0.009469411858377172
3669,0.00040141615417331987
3670,0.0027489395705859463
3671,0.004408214635070699
3672,0.004944163616287432
3673,0.003551466300673269
3674,0.006313154815893046
3675,0.006089478087628424
3676,0.002751999993739718
3677,0.002276215642544691
3678,0.008532052253102048
3679,0.007948632724354879
3680,0.004917283825787623
3681,-0.00046017811365379856
3682,0.004389347501751358
3683,0.0068391954413143915
3684,0.005469682602755572
3685,0.005681732989590609
3686,0.002075298503724174
3687,0.005972775991311283
3688,0.0003872543298360789
3689,0.003786211853461747
3690,0.010191208917337225
3691,0.008922930336837944
3692,0.005695795579320622
3693,0.011546572133958826
3694,0.01012871553213574
3695,0.01540554517389804
3696,0.013259994296159573
3697,0.012052642571850094
3698,0.01277821597932327
3699,0.006948818562883202
3700,0.006617154419472965
3701,0.0026683990852707827
3702,0.0012541098365906975
3703,0.0002071359108863818
3704,-0.0007737332032212269
3705,0.007215843516409954
3706,0.0012213167947400742
3707,0.0003667259926972817
3708,0.0006746298216270141
3709,-0.004075491986416792
3710,0.0006538152499904382
3711,-0.001218022272876912
3712,-0.0017277930615094224
3713,0.003890339407485815
3714,0.008580958652406856
3715,0.0024427754095781387
3716,0.0033477383211254117
3717,0.003892562052297067
3718,0.0032265779468067246
3719,0.004493426333604253
3720,0.004794187843710999
3721,0.005751430855139826
3722,0.0032455829565222406
3723,0.003525256841995894
3724,0.003702588654588038
3725,0.0022280042906371008
3726,0.001792666540879507
3727,9.878427038926566e-05
3728,-0.004479057351882437
3729,0.004157435413205111
3730,0.008067765650665004
3731,0.006910172125804486
3732,0.0072595215712864996
3733,0.009151897378188337
3734,0.0018166355287604343
3735,0.001778713815361556
3736,0.0011002299993658194
3737,0.00198151740761757
3738,-0.000182134772446154
3739,0.0032099307234376216
3740,0.0028777588713988643
3741,0.0015144381775318184
3742,-0.0015487147125461775
3743,-0.0012299718058034856
3744,0.00041723523830660694
3745,-0.0024828302540980717
3746,0.003762826433402178
3747,0.003858523253092953
3748,0.0018212345755374507
3749,-0.006781975956813122
3750,-0.0011955573668291084
3751,0.0025808078190923565
3752,-0.0011487566425862322
3753,-1.0162747441469165e-05
3754,0.0018692976203216367
3755,-0.0021408963591936316
3756,-0.002106434359151859
3757,0.00998455926445075
3758,0.005498733758374797
3759,0.0048888986344332586
3760,0.006704054822170457
3761,0.009688458332528094
3762,0.011270863242625107
3763,0.007616721920511359
3764,0.002889538273202444
3765,-0.0012715373687985764
3766,0.007076995166296564
3767,0.007249828152606214
3768,0.005446714887874069
3769,0.0027935000159907348
3770,0.0014721073750414435
3771,-0.002794039257530118
3772,0.0011194981598441048
3773,-0.05687563655207527
3774,-0.0005655025838127378
3775,0.0010768067219894335
3776,0.003221226637311833
3777,0.00023798153552450404
3778,0.006582304415739183
3779,0.008106355027655218
3780,0.005678009503472928
3781,0.009381230734584512
3782,0.010884567873624353
3783,0.0037426670328499895
3784,0.0030032150250123646
3785,0.01098084168181327
3786,0.008309253806800221
3787,0.011026106590071257
3788,0.007443335073261577
3789,0.0034388487647757614
3790,-0.00473907558676839
3791,-0.005954828423391811
3792,-0.006231501148467391
3793,0.0008696895016724748
3794,0.0005355847171921176
3795,-0.002888561768141037
3796,0.007094427400168697
3797,0.00999517731940344
3798,0.00845637633867613
3799,0.008602472041632604
3800,0.00555974868470492
3801,0.012442736982622257
3802,0.0147817967203887
3803,0.012447704354421116
3804,0.010280192867753281
3805,0.010120373977615641
3806,0.009081461072023919
3807,0.007613250477990953
3808,0.010271821293316299
3809,0.0083584986757968
3810,0.01388570979410728
3811,0.014060906658799768
3812,0.015170471675581063
3813,0.015247420324274714
3814,0.015722869993307118
3815,0.016393115697468767
3816,0.008588290951012064
3817,0.009112442962619212
3818,0.010128843743201768
3819,0.00887904539305853
3820,0.009305089445760719
3821,0.009436257713198297
3822,0.011181360163410694
3823,0.010906221733657304
3824,0.013373575916929012
3825,0.010674123076476154
3826,0.0146929954920006
3827,0.011243605472993416
3828,0.009433419389294784
3829,0.009041007322230885
3830,0.010540307004330516
3831,0.00871700861214606
3832,0.013857611626309106
3833,0.012623482311534786
3834,0.009625642430323234
3835,0.01592343001671261
3836,0.013076399021393422
3837,0.006132214566968122
3838,0.0037812043198994986
3839,0.005275150575818504
3840,0.011537287619940608
3841,0.011667116930230561
3842,-0.018748353338598114
3843,-0.027217320677069577
3844,-0.016987275234677617
3845,-0.016790536725016108
3846,-0.02423397830170751
3847,-0.027091282419796876
3848,-0.02759278087185787
3849,-0.009325055598848638
3850,-0.009416480798967746
3851,-0.0221576298789684
3852,-0.02597206796270555
3853,-0.02409508458743723
3854,-0.017458917477295485
3855,-0.01813549128139628
3856,-0.021394560636708713
3857,-0.02167883505171243
3858,-0.015317859677579572
3859,-0.010164943983073377
3860,-0.007497410028104755
3861,-0.004548496497684622
3862,-0.002635769220469757
3863,-0.006657387415321339
3864,-0.0068855625836237834
3865,-0.0068855625836237834
3866,-0.006263333103699204
3867,-0.008106715537163134
3868,-0.007526963951564071
3869,-0.006935670806235735
3870,-0.007973014540385718
3871,-0.01092913625071313
3872,-0.004793609762387942
3873,-0.0101989213722699
3874,-0.009387042151392954
3875,-0.008959327884506284
3876,-0.008110473783002956
3877,-0.002442328001258498
3878,-0.009520318916068398
3879,-0.00857739072214022
3880,-0.010507460430838316
3881,-0.00569479843403718
3882,-0.012213963640894993
3883,-0.011519581802880393
3884,-0.011659477529565958
3885,-0.012422378119864302
3886,-0.011396715776416818
3887,-0.002740444329616359
3888,-0.00333858279916829
3889,-0.0012070181255695682
3890,-0.002615497218636121
3891,-0.00583361836572776
3892,-0.004895085360487732
3893,-0.00571347332937696
3894,-0.008926262393268908
3895,-0.008923928581586256
3896,-0.009069728226865479
3897,-0.011317722767530604
3898,-0.01325933613293071
3899,-0.013870546087950257
3900,-0.06314622844653996
3901,-0.01242098150064941
3902,-0.008505563272873044
3903,-0.010128992291497278
3904,-0.006431749274571845
3905,-0.007080416326456003
3906,-0.005362018119560726
3907,-0.008792573956523537
3908,-0.008900732775833222
3909,-0.00925576865591677
3910,-0.009310212265845613
3911,-0.009269414028151441
3912,-0.010107158525894175
3913,-0.010252955727108276
3914,-0.007437335920245882
3915,-0.008195529734327765
3916,-0.006494624750418876
3917,-0.0070288970685052354
3918,-0.007344602528416968
3919,-0.006788973464835089
3920,-0.011732417657852443
3921,-0.01836166045459687
3922,-0.012108563924276929
3923,-0.008430347083750747
3924,-0.008387241105620826
3925,-0.008348211060381494
3926,-0.00869171918606063
3927,-0.009995715682167512
3928,-0.009013096502966859
3929,-0.004632947752477411
3930,-0.005204170086902616
3931,-0.005224526218886545
3932,-0.004229881132200562
3933,-0.010175336720733256
3934,-0.010293359217278643
3935,-0.010511898517357664
3936,-0.003789249481167986
3937,-0.0026690249822445247
3938,-0.012455989791209017
3939,-0.011017652721479533
3940,-0.0066695976799486835
3941,-0.003661225603435222
3942,-0.0034812773703831773
3943,-0.004619389750611117
3944,-0.005555382234547869
3945,-0.01157369785969561
3946,-0.00578543912373088
3947,-0.007262860580500094
3948,-0.009713352307328544
3949,-0.008370567607175071
3950,-0.0085915037071615
3951,-0.009823094616371817
3952,-0.005396608257331638
3953,-0.011144216537364188
3954,-0.008781913835980171
3955,-0.0098155174287791
3956,-0.003650268992122972
3957,-0.006768805781257653
3958,0.0012020727625956659
3959,-0.004018042125265662
3960,0.0028278300230909874
3961,0.004677361044527678
3962,0.0037888072602377787
3963,0.003977766598485602
3964,0.00397086056542783
3965,-0.008773076348764813
3966,-0.014165424740803326
3967,-0.014141961726002489
3968,-0.010504476013562795
3969,-0.006217142119407554
3970,-0.01515824056028897
3971,-0.016201071768048626
3972,-0.011926834148033647
3973,-0.017970399523429492
3974,-0.016960644614479714
3975,-0.010912813207240012
3976,-0.012034103788982268
3977,-0.010202388412540704
3978,-0.006863619314762178
3979,-0.0019648485304495592
3980,-0.00369289952737165
3981,-0.0017888720159511824
3982,-0.0041854666940105275
3983,-0.0014929783827857175
3984,-0.004160612416538935
3985,-0.011576270993612588
3986,-0.010642567829826956
3987,-0.00027479776560446624
3988,-0.01311311461598304
3989,-0.012339693740130516
3990,-0.03259023408599525
3991,-0.027740062205562608
3992,-0.016225628060155785
3993,-0.015774261777866897
3994,-0.015020362526574849
3995,-0.02613253885132307
3996,-0.02476242425621054
3997,-0.017263689577794138
3998,-0.018212831708501836
3999,-0.01960022383495942
4000,-0.02249585537832425
4001,-0.019474259878774096
4002,-0.019924015778915945
4003,0.001880381049807354
4004,0.0050055336404941425
4005,0.005046473984666235
4006,-0.023232699415568176
4007,-0.024481092882055442
4008,-0.04803416123444203
4009,-0.03130689633188121
4010,-0.03489945541071336
4011,-0.035550290259325525
4012,-0.03608383722476157
4013,-0.03637009346861461
4014,-0.03810516559387339
4015,-0.039223686685052675
4016,-0.03800761363297265
4017,-0.03829325561538431
4018,-0.03427330999591146
4019,-0.029545455435901202
4020,-0.029097174821848065
4021,-0.029097174821848065
4022,0.018462378031680854
4023,0.021770515883377587
4024,-0.09104386118461873
4025,-0.13300254375093803
4026,-0.1215112111654741
4027,-0.11785782842998505
4028,-0.11011832845548071
4029,-0.11602939127290388
4030,-0.10753011616043077
4031,-0.10403930126466951
4032,-0.11219261540127494
4033,-0.14227965292122308
4034,-0.1500601741273763
4035,-0.14038959446364033
4036,-0.13499263947264295
4037,-0.12897195453349508
4038,-0.1276180298412111
4039,-0.13001444378343757
4040,-0.12492670005887149
4041,-0.12234583719831088
4042,-0.1182939583093086
4043,-0.11034735294888143
4044,-0.11694786724353516
4045,-0.1157620063922195
4046,-0.12840858329425986
4047,-0.12833997895033983
4048,-0.13938998589072163
4049,-0.1345180216649823
4050,-0.1370140626178535
4051,-0.12925546522561693
4052,-0.12626103636374403
4053,-0.13707678365623743
4054,-0.13301193339175343
4055,-0.13493600240083672
4056,-0.1323093445910491
4057,-0.1278861676053394
4058,-0.1306650681753478
4059,-0.12832452463579638
4060,-0.128859177471045
4061,-0.11119750112717347
4062,-0.13026115163658153
4063,-0.12684575840675028
4064,-0.12599069240709224
4065,-0.1176028403882296
4066,-0.12056782441160495
4067,-0.12549316251192064
4068,-0.12027523478606629
4069,-0.11673595950233534
4070,-0.10816844961264532
4071,-0.1204925968756777
4072,-0.1271852820364342
4073,-0.15203087261749232
4074,-0.14265924946754233
4075,-0.1316307417820151
4076,-0.12683622941894654
4077,-0.12379696180291218
4078,-0.12202932634801708
4079,-0.12083080108845623
4080,-0.11980027688578908
4081,-0.12057671059062348
4082,-0.11391559040810877
4083,-0.11606609563240695
4084,-0.1505414058880825
4085,-0.13675102770827308
4086,-0.10678610408928696
4087,-0.10719618346275483
4088,-0.10217754772800842
4089,-0.10033975828734344
4090,-0.10169730546073685
4091,-0.15107304421643564
4092,-0.13833335273710948
4093,-0.14416903708102
4094,-0.14087141684656254
4095,-0.14979908958536953
4096,-0.14718347141881172
4097,-0.14655375547143196
4098,-0.15643309932391508
4099,-0.15587096716015947
4100,-0.1417816260262058
4101,-0.13939313715430376
4102,-0.1434607393765778
4103,-0.14198641101306372
4104,-0.13948719276607488
4105,-0.14086467817082496
4106,-0.13764518232805167
4107,-0.1407920912885539
4108,-0.1399616810143087
4109,-0.1401649590133517
4110,-0.14363554948418403
4111,-0.13989148032071536
4112,-0.14051650309498198
4113,-0.14176416650105772
4114,-0.13918170362682236
4115,-0.13891673908878302
4116,-0.13539286611095963
4117,-0.1403844495463745
4118,-0.1397391897750725
4119,-0.13794134199403724
4120,-0.1379983799784306
4121,-0.13801639764585905
4122,-0.13648000865785878
4123,-0.13699123785986014
4124,-0.13325713472941178
4125,-0.13928054649091712
4126,-0.14416055205380662
4127,-0.1323519497751386
4128,-0.13032234171690465
4129,-0.13422072306507413
4130,-0.13387514920343438
4131,-0.1249811410089223
4132,-0.12285860464113729
4133,-0.11503349516553042
4134,-0.11050045146364125
4135,-0.12456120713199081
4136,-0.12574580253503517
4137,-0.13254382403040094
4138,-0.13415371030584286
4139,-0.13533550593825233
4140,-0.1327617656079654
4141,-0.12169145284712742
4142,-0.1273279479691757
4143,-0.12982144545454857
4144,-0.1308539543992675
4145,-0.14918595793566608
4146,-0.14374454170167852
4147,-0.14737205841890308
4148,-0.14569526846953745
4149,-0.13234698910672332
4150,-0.12502619119979436
4151,-0.12858388677265273
4152,-0.12723951913689296
4153,-0.12717495837556386
4154,-0.1242978351241729
4155,-0.1443200152752441
4156,-0.13430055317818157
4157,-0.13454894089373845
4158,-0.06625155398133088
4159,-0.12033950130639492
4160,-0.11223294842010713
4161,-0.11770281660049031
4162,-0.12937266618775237
4163,-0.09435029385197145
4164,-0.08666035989948814
4165,-0.07553751909498999
4166,-0.06941820406497516
4167,-0.07929722843532701
4168,-0.0886088416556998
4169,-0.08672751293651414
4170,-0.08076062894459413
4171,-0.08034084271797129
4172,-0.0734457030347503
4173,-0.10975386133299558
4174,-0.09324178276735277
4175,-0.08330596517602161
4176,-0.08390111369584245
4177,-0.0868585425704612
4178,-0.10855963030348162
4179,-0.0940139522106032
4180,-0.0938194180826045
4181,-0.083455910627332
4182,-0.08032848263167289
4183,-0.15493131683985473
4184,-0.1832102480140478
4185,-0.16306677661445262
4186,-0.15474823142073232
4187,-0.15892546028371946
4188,-0.17153147928876056
4189,-0.17009126679595893
4190,-0.14882977359064967
4191,-0.1541569930130043
4192,-0.15366155764120137
4193,-0.15330399030574976
4194,-0.1558149031853878
4195,-0.14497156837229172
4196,-0.15252684919243198
4197,-0.15193309976218677
4198,-0.15337335565957214
4199,-0.15634252065728058
4200,-0.15634697100594458
4201,-0.1580038449990183
4202,-0.15884943023298545
4203,-0.1560993290729186
4204,-0.1530493426414675
4205,-0.15608601198342856
4206,-0.15266304438284406
4207,-0.15422836935130815
4208,-0.15572979701536624
4209,-0.15226245451134512
4210,-0.1506540339910202
4211,-0.15488683742695114
4212,-0.1503405687282254
4213,-0.15090302708486003
4214,-0.1582440501805437
4215,-0.16157311425040496
4216,-0.15766469216451448
4217,-0.15666392946919735
4218,-0.15741874350963106
4219,-0.15874459208162528
4220,-0.15678291160047153
4221,-0.1484950402191011
4222,-0.15020965233555325
4223,-0.15030256380628623
4224,-0.16353001460541955
4225,-0.1496783056795281
4226,-0.15700978435230645
4227,-0.1556139304872284
4228,-0.15935854251944706
4229,-0.15848700094900484
4230,-0.13668555400777013
4231,-0.11971288244171373
4232,-0.11882085404745137
4233,-0.11545992021458053
4234,-0.11714749780146452
4235,-0.11994008346713006
4236,-0.1229368815737758
4237,-0.15598800584103498
4238,-0.15249897013115157
4239,-0.15149804175898798
4240,-0.15041045934168432
4241,-0.1536503081260509
4242,-0.15007732348831979
4243,-0.15465994181365642
4244,-0.15418830624146268
4245,-0.15389974465042372
4246,-0.1555183368658914
4247,-0.15064778016461214
4248,-0.1554534711565878
4249,-0.14985533418024446
4250,-0.14974448740777838
4251,-0.14734263112864937
4252,-0.14700769399256147
4253,-0.1512245442108992
4254,-0.15710791928821538
4255,-0.15813693495355077
4256,-0.15817135536732077
4257,-0.19246903483974076
4258,-0.19348445909998427
4259,-0.1913668278403135
4260,-0.17667684696304872
4261,-0.17958827387007176
4262,-0.17944246161527522
4263,-0.17430981782027505
4264,-0.17968893493835356
4265,-0.17626571599262195
4266,-0.1750968422471866
4267,-0.17907515516258077
4268,-0.17569766830448255
4269,-0.17519284004628943
4270,-0.1783904299472732
4271,-0.1720094027845565
4272,-0.1716402102169147
4273,-0.1669130018777524
4274,-0.1726456501640139
4275,-0.1774985611820353
4276,-0.17543236752666236
4277,-0.17447058224996218
4278,-0.17537065451047812
4279,-0.17781961527047502
4280,-0.17674636706983135
4281,-0.17593438356208854
4282,-0.17452274673368934
4283,-0.1739966684568628
4284,-0.1655986952684197
4285,-0.17388966897251146
4286,-0.17076187183861016
4287,-0.16732126011824383
4288,-0.1877192504825377
4289,-0.1882741195287419
4290,-0.18599865073266217
4291,-0.18513097672167206
4292,-0.18474690302550809
4293,-0.18149724073060694
4294,-0.1804752542182909
4295,-0.1697190314522772
4296,-0.18233903918464253
4297,-0.17226790231000422
4298,-0.18056006776582453
4299,-0.18138770048289488
4300,-0.15933209183292563
4301,-0.18527991812200545
4302,-0.14982738953876176
4303,-0.18621623383654878
4304,-0.17645765685919282
4305,-0.17386419811201545
4306,-0.18602430903249864
4307,-0.18024088537013974
4308,-0.1810892459886974
4309,-0.17273658656744115
4310,-0.16965869428456393
4311,-0.173236787477906
4312,-0.16468679906014932
4313,-0.16372776607324244
4314,-0.18442499383333455
4315,-0.18529748383014416
4316,-0.18590051000468416
4317,-0.18009978607526683
4318,-0.17134899145012775
4319,-0.16185543261140165
4320,-0.15464031170495132
4321,-0.17131395028632715
4322,-0.16409701582898267
4323,-0.16610309761265712
4324,-0.16801688834232292
4325,-0.1642906232241493
4326,-0.16513908294204827
4327,-0.1641387561728523
4328,-0.18699690284581807
4329,-0.18840782391528757
4330,-0.188146515518305
4331,-0.18707527723707404
4332,-0.1891636763852513
4333,-0.18838539307555519
4334,-0.1803511571303349
4335,-0.18117292069398858
4336,-0.17599617004823595
4337,-0.17816637178326847
4338,-0.18149818484580119
4339,-0.1796500898154013
4340,-0.18855102719323374
4341,-0.17944810745031103
4342,-0.17625927025820595
4343,-0.16420370177774835
4344,-0.15862816003756078
4345,-0.15281415867176498
4346,-0.16072693943244754
4347,-0.15827561262639764
4348,-0.19069716433398043
4349,-0.18499490680391636
4350,-0.16916736499753746
4351,-0.15047519364995626
4352,-0.14185541915477254
4353,-0.11180818313764843
4354,-0.11257115837201964
4355,0.14112444683874964
4356,0.23468031146448073
4357,0.22793847787218738
4358,0.21498415221435885
4359,0.21823929085244115
4360,0.20049668047561048
4361,0.21552304854457086
4362,0.18102551683047405
4363,0.20318786985394344
4364,0.20276319574802815
4365,0.2360486908239378
4366,0.23160877020487747
4367,0.2206090064394733
4368,0.2157551644995758
4369,0.21218580590196387
4370,0.18880090043484393
4371,0.18385504202798772
4372,0.21562988162969607
4373,0.21733770539595554
4374,0.20135086415158393
4375,0.22500466863460822
4376,0.20636444244752333
4377,0.22913373398469428
4378,0.2139448329343423
4379,0.20729446944041233
4380,0.20535794878598473
4381,0.20553709000244405
4382,0.20678256595381642
4383,0.19109990582691924
4384,0.2223215158468072
4385,0.22088906410172773
4386,0.21742959866012007
4387,0.21760853599775984
4388,0.22528633642120796
4389,0.22518266188627759
4390,0.22542874811616434
4391,0.2295635518497412
4392,0.22883492961934063
4393,0.22525489922111075
4394,0.22569408169874566
4395,0.22487910778175174
4396,0.22202476976076502
4397,0.2228631593999324
4398,0.22184834128645217
4399,0.22448266275718254
4400,0.2114103065759054
4401,0.20754179376914633
4402,0.20798631809218304
4403,0.21491502580041086
4404,0.21032672257425014
4405,0.20989804182098976
4406,0.22626733805449203
4407,0.22591893848167993
4408,0.22425716022446618
4409,0.22290707453188094
4410,0.2223452285256658
4411,0.22095134174117764
4412,0.2143923421777387
4413,0.2144765474826053
4414,0.21507659140413277
4415,0.2159536093141432
4416,0.21671418167221163
4417,0.21763282630264852
4418,0.21359720492641482
4419,0.21416181357778696
4420,0.21346740229763606
4421,0.22166449897806473
4422,0.21951816697207113
4423,0.2189264447884584
4424,0.22707534787198486
4425,0.2267265035667944
4426,0.22792247234345486
4427,0.22157911118623375
4428,0.22698123960005548
4429,0.22725974924912656
4430,0.22819200845094062
4431,0.22738201651564946
4432,0.2294652184530405
4433,0.23384444965024279
4434,0.23201543876085456
4435,0.2287372547768644
4436,0.2310124449755226
4437,0.2319117491003866
4438,0.22480913802020305
4439,0.22717262406005842
4440,0.2270892606106353
4441,0.2220005554425284
4442,0.21804401988400143
4443,0.2205669974991365
4444,0.22349947852380225
4445,0.2313011683268714
4446,0.2231531478601722
4447,0.2143235292358267
4448,0.21549601098430948
4449,0.22045806853901415
4450,0.21629684410027006
4451,0.21453389293569897
4452,0.2192649778507417
4453,0.2194360935203397
4454,0.2207480909598944
4455,0.2284833463226655
4456,0.22787538020364204
4457,0.22497667593381002
4458,0.22167459354529578
4459,0.21995032226557507
4460,0.22407196625068657
4461,0.2207772922779032
4462,0.22048660587610033
4463,0.22030813817801054
4464,0.2179682862743302
4465,0.21750348318374724
4466,0.22207671031591733
4467,0.22753791601287937
4468,0.22499695560011979
4469,0.21400087920692887
4470,0.21266680947330543
4471,0.21343518358105792
4472,0.2126611305218878
4473,0.21607073749194675
4474,0.21003625416475238
4475,0.20844333901625234
4476,0.2208007722886863
4477,0.22053577661882934
4478,0.22443058085031176
4479,0.22346462101367962
4480,0.20898470738620806
4481,0.21085591799899323
4482,0.21079545610128428
4483,0.21151599280364866
4484,0.21064815355595026
4485,0.2117932898783299
4486,0.21249849693962725
4487,0.20781108510540652
4488,0.20142784325882956
4489,0.20183454749486715
4490,0.20161142627940312
4491,0.2007663034354623
4492,0.1995392778076845
4493,0.22397476353703613
4494,0.22323357770768337
4495,0.22175260044026326
4496,0.2149442851598018
4497,0.2088096725337507
4498,0.20620603168243373
4499,0.21909402992021473
4500,0.2196902986309614
4501,0.21967076753597425
4502,0.22022315248614938
4503,0.21308426332831934
4504,0.20360819643624298
4505,0.2142214392807214
4506,0.20610872412953177
4507,0.19610464840471875
4508,0.19428822556821393
4509,0.19336646479226816
4510,0.19113507920128825
4511,0.192887831963355
4512,0.2235032691777759
4513,0.2217834491014812
4514,0.2191079231742901
4515,0.20563210164501522
4516,0.21745476215345177
4517,0.21467366447205996
4518,0.20960207801105782
4519,0.22373664563454781
4520,0.22697292583931328
4521,0.21385801199289636
4522,0.21342662557986378
4523,0.2245054051509645
4524,0.2199988629774897
4525,0.22225027186307303
4526,0.21878666273164085
4527,0.21716255255494082
4528,0.2235418141808919
4529,0.22376566564133155
4530,0.22464544611596093
4531,0.22336221609560236
4532,0.22280772027009413
4533,0.2184362407828216
4534,0.21967751412301645
4535,0.21641327829728105
4536,0.212913910504641
4537,0.20929008135981825
4538,0.2423062953846759
4539,0.22615225823323684
4540,0.20996712802285025
4541,0.20900518840976656
4542,0.20128267451987764
4543,0.20221141815869195
4544,0.20284724348670977
4545,0.20367379107479616
4546,0.2004440961184809
4547,0.20891321770028468
4548,0.22384191096592487
4549,0.2204941577464649
4550,0.21913301403623967
4551,0.2136464984483804
4552,0.22105708471476115
4553,0.22043555222732042
4554,0.21136836276246032
4555,0.2232065411105488
4556,0.2246273097098686
4557,0.21460937373377256
4558,0.22427134255529427
4559,0.2248019316632538
4560,0.2244001008701516
4561,0.22274065383957664
4562,0.21808814162868798
4563,0.214298170715283
4564,0.22405600637351605
4565,0.22361246651034256
4566,0.22365319079696525
4567,0.22551345473024462
4568,0.22429752547898987
4569,0.2255900437189759
4570,0.223242078131028
4571,0.22247579369582135
4572,0.2208769808274161
4573,0.21906310829103834
4574,0.2208845961152109
4575,0.22009548591334707
4576,0.22174852603342965
4577,0.21612122726674451
4578,0.2203250137024307
4579,0.22292017710642967
4580,0.22256078533531937
4581,0.2230566960126077
4582,0.22379118934392817
4583,0.2221068660377398
4584,0.22226483835005528
4585,0.22139669475393592
4586,0.22055099839369144
4587,0.21959298183954054
4588,0.22384769903266535
4589,0.2235000169114965
4590,0.2225352970158944
4591,0.22496106058579796
4592,0.22480151425999395
4593,0.22520233384740673
4594,0.2241370031246065
4595,0.2235385883884597
4596,0.22357549887065536
4597,0.22414574307469823
4598,0.2216559463516907
4599,0.22202861825495632
4600,0.22185843365367425
4601,0.22109647066112442
4602,0.2238822557294898
4603,0.22236663926587588
4604,0.2150457259674808
4605,0.21500598142849348
4606,0.21438822215941777
4607,0.2149488069353603
4608,0.21300832273870773
4609,0.22497686889632357
4610,0.22092641718340644
4611,0.2252796106599123
4612,0.22901331212718642
4613,0.22825736620685125
4614,0.22443043978139074
4615,0.2206935239318553
4616,0.2201147344940982
4617,0.2081716034259358
4618,0.20815071623401182
4619,0.2083109792735471
4620,0.20777376924490729
4621,0.20842140507429302
4622,0.20786720120118068
4623,0.20778783760615663
4624,0.2077059491730419
4625,0.20731980498337266
4626,0.20783513769464523
4627,0.21970010720842398
4628,0.2075240087013639
4629,0.20692612320172482
4630,0.221769165857904
4631,0.220597101275886
4632,0.22839780655417785
4633,0.21868091971982173
4634,0.21744423229267892
4635,0.2161707513695018
4636,0.2206387932381498
4637,0.22110173868961622
4638,0.21976250789490023
4639,0.21954478125105892
4640,0.21953414957226064
4641,0.21590672038090072
4642,0.21454236003266583
4643,0.21664308677010358
4644,0.21765834339329865
4645,0.21984879383092804
4646,0.21982117246165483
4647,0.21996285120531597
4648,0.22032170361907807
4649,0.22115490179476677
4650,0.22111678886310857
4651,0.22704268984679668
4652,0.22667368943866736
4653,0.22272300474145892
4654,0.22363582475860863
4655,0.22441180500363453
4656,0.22186882514976147
4657,0.22023935429267544
4658,0.2189861732480038
4659,0.22337277355336874
4660,0.21644811129348981
4661,0.21501326923595526
4662,0.21622246878214899
4663,0.2168971782990025
4664,0.2192575203250576
4665,0.20952526578053976
4666,0.2011472813626925
4667,0.20048524452043115
4668,0.19732436873996065
4669,0.19636865099173967
4670,0.21378376998120954
4671,0.20363315028255688
4672,0.202203208472108
4673,0.20300538958134767
4674,0.20114822690725104
4675,0.20546457176038388
4676,0.1429391317793375
4677,0.15171747882052292
4678,0.14620965767302269
4679,0.1447163850442135
4680,0.15319995335092307
4681,0.14321792378441842
4682,0.13557813328526994
4683,0.14017968173211862
4684,0.13823345502792064
4685,0.13539906795166126
4686,0.13635836828353773
4687,0.13641627720162883
4688,0.13747054647230528
4689,0.1414508277383767
4690,0.11559688452721442
4691,0.15250344155738638
4692,0.14628999907716927
4693,0.14331379201069597
4694,0.1420266854312307
4695,0.1479729970062113
4696,0.18648898134272301
4697,0.14830107220846991
4698,0.13871055696240764
4699,0.15112336067693177
4700,0.1487397107363369
4701,0.18948069241623788
4702,0.17772011544509964
4703,0.17156280055468087
4704,0.17310550176509498
4705,0.1601561071119831
4706,0.1601616553581278
4707,0.16162080584964172
4708,0.16069872614649625
4709,0.16429357291729618
4710,0.1529740490724199
4711,0.15352379146910106
4712,0.15658004515104756
4713,0.15493904658272611
4714,0.15503672367193233
4715,0.1515144919513847
4716,0.15623805308843833
4717,0.1501883282145869
4718,0.14883966103999163
4719,0.1486413722763198
4720,0.14843588343901282
4721,0.14875830347599697
4722,0.14872824568427673
4723,0.14221199086643618
4724,0.145167909846088
4725,0.16226548865637555
4726,0.15711773475378074
4727,0.1532153544987021
4728,0.1575389081245119
4729,0.1601691188108255
4730,0.16294692656575596
4731,0.1560158976494479
4732,0.15323692160680238
4733,0.15992926400152627
4734,0.15992926400152627
4735,0.15679335336029082
4736,0.1568022684213038
4737,0.16046061824682517
4738,0.1634892165581488
4739,0.16102614914055027
4740,0.15737343838072673
4741,0.152095780279911
4742,0.1616149445319203
4743,0.15897030157100828
4744,0.15656373412887095
4745,0.150612517792427
4746,0.15367372708091362
4747,0.1660541526202045
4748,0.1633613805949784
4749,0.1630386121675618
4750,0.1662495656377138
4751,0.16746305715749746
4752,0.16677120375383037
4753,0.16672918343349882
4754,0.16641902045439422
4755,0.16500002769297306
4756,0.16369266485650313
4757,0.16674515484625632
4758,0.1685460983537246
4759,0.16497323079935994
4760,0.16686892719534022
4761,0.1668655527634075
4762,0.15322184502002723
4763,0.1671866433378003
4764,0.16585957841885512
4765,0.1641097711366821
4766,0.16769432410818452
4767,0.16921316461777614
4768,0.16208590119945845
4769,0.1559069521041057
4770,0.16170958017968942
4771,0.16171654064787233
4772,0.16169384302199427
4773,0.16163496881711784
4774,0.16164862773834243
4775,0.16019441608525276
4776,0.16269765260002148
4777,0.16275125778390792
4778,0.16235837696622837
4779,0.16724069185611803
4780,0.16687152717369172
4781,0.15996659741384775
4782,0.1566404813942455
4783,0.15458151138498
4784,0.15444868711002283
4785,0.1530676683053196
4786,0.16406994188656182
4787,0.16607005834241514
4788,0.16557757920723204
4789,0.16316895548364227
4790,0.16262309540233222
4791,0.1617730969969137
4792,0.1637803307156699
4793,0.162182212796074
4794,0.16372717693726307
4795,0.1646838808736074
4796,0.16227796814940568
4797,0.16274208095665604
4798,0.16219886889734325
4799,0.16562353136672328
4800,0.16657273741593315
4801,0.16527546232540904
4802,0.16249235954901814
4803,0.16365968791537583
4804,0.1622983188788928
4805,0.15794184279778986
4806,0.16152439531324672
4807,0.16142236207844562
4808,0.16151230687587723
4809,0.16199708424835313
4810,0.13355609151913325
4811,0.13915756878820143
4812,0.038761997669518995
4813,0.02430618310364296
4814,0.03771475720832472
4815,0.13684550872227072
4816,0.13467281918601187
4817,0.12522867838927768
4818,0.120369893426438
4819,0.12064604497068283
4820,0.1280397575316454
4821,0.11212544685056669
4822,0.111477706371232
4823,0.12809708991482607
4824,0.12114199992653506
4825,0.129187352019306
4826,0.11936006741829526
4827,0.021637744362871424
4828,0.016907896367562226
4829,0.004515055630688917
4830,-0.0030506185051840276
4831,-0.003957194206384592
4832,0.0007162662602830879
4833,0.029070750394535962
4834,0.015512421870004171
4835,0.009137886835289807
4836,-0.0004281822550412556
4837,-0.0038999752190300007
4838,-0.010084014150051144
4839,-0.0076138931104043645
4840,-0.003342747876964209
4841,0.012978213291949776
4842,0.008184552332015831
4843,0.00390896464077203
4844,0.002412412964863842
